Designator,Footprint,Quantity,Value,LCSC Part #
"_4, _3, _2, ",,4,,
"C1, C10, C11, C4, C9",C0402,5,10uF,
"C12, C13, C14, C15",C0603,4,22uF,
C16,C0402,1, 6.3V 10uF X5R ±20% 0402,
"C17, C18, C3, C6, C7",C0402,5,25V 1uF X5R ±10% 0402,
"C19, C20",C0603,2,15nF,
C2,C0402_NEW,1,100nF,
C21,CAP-SMD_L3.5-W2.8,1,100uF 6.3V Tantal 3528,
C5,C0402,1,1uF,
C8,C0402_NEW,1,16V 100nF X7R ±10% 0402,
L1,IND-SMD_L2.5-W2.0,1,2.8A 1uH ±20% 45mΩ,
LED1,LED0603-R-RD,1,Red LED 0603,
LED2,LED0603-R-RD,1,Green LED 0603,
"Q1, Q2",SOT-23-3_L2.9-W1.3-P1.90-LS2.4-BR,2,SS8050,
"R1, R10, R16, R2, R3, R4, R5, R8",R0402,8,10kΩ 0402 50V,
"R11, R7",R0402,2,1kΩ 0402 50V,
R12,R0402,1,100Ω 0402 50V,
R13,R0402,1,2kΩ 0402 50V,
R14,R0402,1,1MΩ 0402 50V,
R15,R0603,1,180kΩ 0603 75V,
"R17, R18",R0402,2,150kΩ 0402 50V,
R6,R0402,1,47kΩ 0402 50V,
R9,R0402,1,22kΩ 0402 50V,
TV1,SOT-23-6_L2.9-W1.6-P0.95-LS2.8-BR,1,SRV05-4-P-T7 TVS,
U1,WIFIM-SMD_39P-L25.5-W18.0-P1.27,1,ESP32-WROOM-32D(8MB),
U2,WQFN-28_L5.0-W5.0-P0.50-BL-EP3.2,1,CP2102-GMR,
U3,SOT-23-5_L2.9-W1.6-P0.95-LS2.8-BL,1,BRCL3130ME,
U4,SOT-23-6_L2.9-W1.6-P0.95-LS2.8-BR,1,TP4057,
U5,VSON-14_L4.0-W3.0-P0.50-BL-EP_TI_DSJ,1,TPS63020DSJR,
U6,TSSOP-28_L9.7-W4.4-P0.65-LS6.4-TL,1,"PCA9685PW,118",
U7,MSOP-8_L3.0-W3.0-P0.65-LS5.0-BL,1,PAM8303DBSC,
USB1,MICRO-USB-SMD_U254-051T-4BH23-S2S,1,USB Micro B 1.8A,
