Designator,Footprint,Quantity,Value,LCSC Part #
"C1, C16, C24, C25, C26, C37",C0402_NEW,6,100nF,C1525
"C10, C11, C12, C14, C15, C2, C22, C4",C0402,8,10uF,C15525
"C13, C21, C29, C32",C0603,4,22uF,C59461
"C17, C27",CAP-SMD_L3.5-W2.8,2,100uF 6.3V Tantal 3528,C16133
"C18, C20",C0603,2,15nF,C1596
"C19, C31, C8",C0402,3,25V 1uF X5R ±10% 0402,C52923
"C23, C33, C34, C35, C36",CAP-SMD_L3.5-W2.8,5,100uF,C16133
"C28, C3, C30",C0402_NEW,3,16V 100nF X7R ±10% 0402,C1525
C9,C0402,1,1uF,C52923
"CN1, CN2, CN3",CONN-TH_B2B-PH-K-S,3,B2B-PH-K-S(LF)(SN),C131337
"D1, D10, D4, D5, D7, D8, D9",SOT-363_L2.0-W1.3-P0.65-LS2.1-BR,7,SMF05CT1G,C15879
"D11, D12",SMA_L4.2-W2.6-LS5.3-RD,2,SS14,C2480
"H1, H2, H4, H5, H6, H7",HDR-TH_9P-P2.54-V-M,6,9P 2.54 Male Header,C492408
H3,HDR-TH_6P-P2.54-V-M-1,1,6P 2.54 Male Header,C37208
"H8, H9",HDR-TH_5P-P2.54-V-F,2,Header 2.54 5P Female,C50950
"L1, L5, L6, L8",L1206,4,120Ω 3A ,C85841
L3,L0603,1,600Ω 200mA,C1002
L4,IND-SMD_L2.5-W2.0,1,2.8A 1uH ±20% 45mΩ,C315715
LED1,LED0603-R-RD,1,Red LED 0603,C2286
LED2,LED0603-R-RD,1,Green LED 0603,C72043
"LED3, LED4",LED0603-R-RD_WHITE,2,White Led 0603,C2290
"Q1, Q2",SOT-23-3_L2.9-W1.3-P1.90-LS2.4-BR,2,SS8050_C2150,C2150
"R1, R10, R11, R12, R13, R16, R17, R18, R19, R3, R5",R0402,11,10kΩ 0402 50V,C25744
"R14, R15",R0402,2,150kΩ 0402 50V,C25755
R2,R0402,1,100kΩ 0402 50V,C25741
"R20, R25",R0402,2,4.7kΩ 0402 50V,C25900
R4,R0402,1,2kΩ 0402 50V,C4109
R7,R0402,1,1kΩ 0402 50V,C11702
R8,R0402,1,18kΩ 0402 50V,C25762
U1,SOT-23-6_L2.9-W1.6-P0.95-LS2.8-BR,1,TP4057,C12044
U2,WQFN-28_L5.0-W5.0-P0.50-BL-EP3.2,1,CP2102-GMR,C6568
U4,VSON-14_L4.0-W3.0-P0.50-BL-EP_TI_DSJ,1,TPS63020DSJR,C15483
U5,WIFIM-SMD_39P-L25.5-W18.0-P1.27,1,ESP32-WROOM-32D(8MB),C529577
U6,MSOP-8_L3.0-W3.0-P0.65-LS5.0-BL,1,PAM8303DBSC,C56211
U7,TSSOP-28_L9.7-W4.4-P0.65-LS6.4-TL,1,"PCA9685PW,118",C2678753
USB1,MICRO-USB-SMD_10118193-0001LF,1,10118193-0001LF,C132562
